fid,ssim
1363.2618408203125,-0.046536097145365364
896.7535400390625,0.007745568446645535
1403.7755126953125,0.006992003092576316
1198.896240234375,-0.0024452590212784933
1828.303955078125,-0.015406418817047369
1272.8570556640625,-0.029956793068813638
1713.844482421875,2.914119395602575e-05
1524.9765625,0.029973133992004963
